id,first_name,last_name,date_of_birth,ethnicity,gender,status,entry_academic_period,hs_city,hs_state,hs_zip,email,entry_age,ged,english_2nd_language,first_generation
111111,John,Doe,Jan-00,Hispanic,M,FT,Fall 2008,Albuquerque,New Mexico,87112,jdoe@example.com,17.9,FALSE,FALSE,TRUE
111112,Jane,Smith,May-01,Hispanic,F,TRANSFER,Fall 2006,New York,New York,10009,jsmith@example.com,18.1,FALSE,FALSE,TRUE
111113,Sarah,Thomas,21/2002,Hispanic,M,FTFT,Fall 2006,Pheonix,Arizona,85006,sthomas@example.com,17.6,FALSE,FALSE,FALSE
111114,Frank,Brown,13/2002,Race/ethnicity unknown,M,FTFT,Fall 2006,Pheonix,Arizona,85015,fbrown@example.com,19,TRUE,FALSE,TRUE
111115,Mike,Davis,31/2001,White,F,FTFT,Fall 2007,Seattle,Washington,98106,mdavis@example.com,18.2,FALSE,TRUE,FALSE
111116,Jennifer,Wilson,Jan-02,Asian,M,TRANSFER,Fall 2006,Denver,Colorado,80012,jwilson@example.com,18.5,TRUE,FALSE,TRUE
111117,Jessica,Garcia,Jan-00,White,F,FTFT,Fall 2007,Austin,Texas,78703,jgarcia@example.com,18.8,FALSE,FALSE,FALSE
111118,Fred,Clark,17/1999,Hispanic,F,FTGRAD,Fall 2010,Denver,Colorado,80033,fclark@example.com,19.2,FALSE,TRUE,TRUE
111119,Bob,Lopez,Apr-98,White,F,FTFT,Fall 2007,Denver,Colorado,80122,blopez@example.com,18.5,FALSE,FALSE,TRUE
